{
  "Actor": {
    "types": [
      "character"
    ],
    "templates": {
      "description": {
        "description": {
          "genre": "",
          "capacity": "mundane",
          "description": "Description",
          "gmnotes": "Gamemaster notes",
          "keywords": [],
          "dispositions": [],
          "cues": []
        }
      },
      "counters": {
        "counters": {
          "essence": {
            "value": 6
          },
          "karma": {
            "value": 0,
            "total": 0
          },
          "anarchy": {
            "value": 0,
            "max" : 6
          },
          "edge": {
            "value": 0
          }
        }
      },
      "attributes": {
        "attributes": {
          "strength": {
            "value": 1
          },
          "agility": {
            "value": 1
          },
          "willpower": {
            "value": 1
          },
          "logic": {
            "value": 1
          },
          "charisma": {
            "value": 1
          },
          "edge": {
            "value": 1
          }
        }
      },
      "monitors": {
        "monitors": {
          "physical": {
            "value": 0,
            "max": 10
          },
          "stun": {
            "value": 0,
            "max": 10
          },
          "armor": {
            "label": "Armor",
            "value": 0,
            "max": 9
          }
        }
      }
    },
    "character": {
      "templates": [
        "description",
        "attributes",
        "counters",
        "monitors"
      ]
    }
  },
  "Item": {
    "types": [
      "metatype",
      "skill",
      "quality",
      "shadowamp",
      "weapon",
      "gear",
      "contact"
    ],
    "metatype": {},
    "skill": {
      "attribute": "knowledge",
      "value": 0,
      "specialization": ""
    },
    "quality": {
      "description": "",
      "positive": true
    },
    "shadowamp": {
      "description": "",
      "level": 1,
      "essence": 0
    },
    "weapon": {
      "skill": "",
      "specialization": "",
      "strength": true,
      "damage": 0,
      "monitor": "stun",
      "area": "",
      "range": {
        "max": "short",
        "short": 0,
        "medium": 0,
        "long": 0
      }
    },
    "gear": {},
    "contact": {}
  }
}